source_id,product_id,information_type,source_name,source_url,source_type,owner,document_updated_at,retrieved_at,source_priority,status,notes
SRC-000,ai_art_canvas,User-provided internal task,Skill 4 Product Knowledge task specification,pasted-text.txt attachment supplied in the task,User-provided internal task,赖晓洪,2026-07-30,2026-07-30,P3,internal_verification,Governing schema and review policy.
SRC-000,battery_circulator_fan,User-provided internal task,Skill 4 Product Knowledge task specification,pasted-text.txt attachment supplied in the task,User-provided internal task,赖晓洪,2026-07-30,2026-07-30,P3,internal_verification,Governing schema and review policy.
SRC-000,lock_ultra,User-provided internal task,Skill 4 Product Knowledge task specification,pasted-text.txt attachment supplied in the task,User-provided internal task,赖晓洪,2026-07-30,2026-07-30,P3,internal_verification,Governing schema and review policy.
SRC-001,hub_3,Feishu internal document,"产品资料（未经允许不得外传） / Security, Household Robot and Comfort product information",https://ihqz5dyhwa.feishu.cn/docx/IbubdHmknoRtQux5A5ycnztrnEd,Feishu internal document,Product Marketing,2025-04-23,2026-07-30,P3,internal_verification,Contains a known Lock Ultra versus Keypad Vision feature-attribution conflict.
SRC-001,k11_plus,Feishu internal document,"产品资料（未经允许不得外传） / Security, Household Robot and Comfort product information",https://ihqz5dyhwa.feishu.cn/docx/IbubdHmknoRtQux5A5ycnztrnEd,Feishu internal document,Product Marketing,2025-04-23,2026-07-30,P3,internal_verification,Contains a known Lock Ultra versus Keypad Vision feature-attribution conflict.
SRC-001,lock_ultra,Feishu internal document,"产品资料（未经允许不得外传） / Security, Household Robot and Comfort product information",https://ihqz5dyhwa.feishu.cn/docx/IbubdHmknoRtQux5A5ycnztrnEd,Feishu internal document,Product Marketing,2025-04-23,2026-07-30,P3,internal_verification,Contains a known Lock Ultra versus Keypad Vision feature-attribution conflict.
SRC-001,s20,Feishu internal document,"产品资料（未经允许不得外传） / Security, Household Robot and Comfort product information",https://ihqz5dyhwa.feishu.cn/docx/IbubdHmknoRtQux5A5ycnztrnEd,Feishu internal document,Product Marketing,2025-04-23,2026-07-30,P3,internal_verification,Contains a known Lock Ultra versus Keypad Vision feature-attribution conflict.
SRC-002,lock_ultra,Feishu internal product marketing document,SwitchBot Lock Ultra—JP 产品营销文档,https://ihqz5dyhwa.feishu.cn/docx/UYPTduxgcoF4kpxvKO4crNLbnZc,Feishu internal product marketing document,Product Marketing,2025-08-05,2026-07-30,P3,internal_verification,"Includes naming, positioning, feature, compatibility, competitor, specification, and FAQ sections."
SRC-003,keypad_vision_pro,Feishu internal product marketing document,SwitchBot Keypad Vision Pro产品营销文档,https://ihqz5dyhwa.feishu.cn/docx/DFGrd8kr2oGm6sxbmVecYRhnnNe,Feishu internal product marketing document,Product Marketing,2025-12-24,2026-07-30,P3,internal_verification,Product-specific source for biometric feature ownership.
SRC-003,lock_ultra,Feishu internal product marketing document,SwitchBot Keypad Vision Pro产品营销文档,https://ihqz5dyhwa.feishu.cn/docx/DFGrd8kr2oGm6sxbmVecYRhnnNe,Feishu internal product marketing document,Product Marketing,2025-12-24,2026-07-30,P3,internal_verification,Product-specific source for biometric feature ownership.
SRC-004,hub_3,Feishu internal product marketing document,SwitchBot Hub 3——JP 产品营销文档,https://ihqz5dyhwa.feishu.cn/docx/OD0AdgRdmobBptxeejccaoALnLc,Feishu internal product marketing document,Product Marketing,2025-09-03,2026-07-30,P3,internal_verification,"Includes naming, positioning, feature, ecosystem, specification, and FAQ sections."
SRC-005,ai_mindclip,Feishu internal product marketing document,SwitchBot AI MindClip 产品营销文档-JP,https://ihqz5dyhwa.feishu.cn/docx/FpEXdODoGoIyNxx0E9NcMhgonGg,Feishu internal product marketing document,Product Marketing,2026-07-28,2026-07-30,P3,internal_verification,"Contains product positioning, proof boards, competitor comparison, specifications, and privacy FAQ."
SRC-006,video_doorbell,Feishu internal product marketing document,SwitchBot Smart VideoDoorbell——JP 产品营销文档,https://ihqz5dyhwa.feishu.cn/docx/GsomdZSIXoeuOmxpgSCcfbeCnUo,Feishu internal product marketing document,Product Marketing,2025-09-25,2026-07-30,P3,internal_verification,Outline contains a high-risk superlative; not imported as an approved claim.
SRC-007,circulator_fan_2_pro,Feishu internal product marketing document,JP 产品营销文档-スマートサーキュレーター 2 Pro,https://ihqz5dyhwa.feishu.cn/docx/SZasdug4ioSa0vxY3ZZcNIyOnTb,Feishu internal product marketing document,Product Marketing,2026-07-06,2026-07-30,P3,internal_verification,
SRC-008,curtain_3,Feishu internal product marketing document,SwitchBot Curtain 3 2025——产品营销文档,https://ihqz5dyhwa.feishu.cn/docx/FCQddZhoWoEltKxpefbcWsxMnch,Feishu internal product marketing document,Product Marketing,2025-06-12,2026-07-30,P3,internal_verification,
SRC-009,k10_pro_combo,Feishu internal product marketing document,SwitchBot K10+ Pro Combo—JP 产品营销文档,https://ihqz5dyhwa.feishu.cn/docx/XamedTFtEoRHP9xAumYc4oG7nah,Feishu internal product marketing document,Product Marketing,2024-11-12,2026-07-30,P3,internal_verification,
SRC-010,,Feishu internal product marketing document,SwitchBot AI Art Frame 产品营销文档,https://ihqz5dyhwa.feishu.cn/docx/E5etdkQf9o1HYex06EacvneWnzd,Feishu internal product marketing document,Product Marketing,2026-07-22,2026-07-30,P3,internal_verification,Product naming between Canvas and Frame requires confirmation.
SRC-011,kata_friends,Feishu internal product document,KATA Friends产品介绍,https://ihqz5dyhwa.feishu.cn/docx/HWjvdbPP9ozA6sxdWrfcvB9mn7g,Feishu internal product document,Product Team,2026-07-21,2026-07-30,P3,internal_verification,
SRC-012,,Feishu spreadsheet,homerunPET日本产品信息报价表,https://ihqz5dyhwa.feishu.cn/sheets/BUQbsnRpshRtm5tDEZJcnZfMnAc,Feishu spreadsheet,Japan Marketing,2026-07-29,2026-07-30,P3,internal_verification,Registered for later structured import.
SRC-013,homerunpet_series,Feishu spreadsheet,homerunPET日本产品标准名称EAN规格表,https://ihqz5dyhwa.feishu.cn/sheets/XeqIsYzWVh8eVWtkRHNcALuAndh,Feishu spreadsheet,Japan Marketing,2026-07-30,2026-07-30,P3,internal_verification,Intended source for product-level expansion under the series profile.
SRC-014,,Feishu spreadsheet,homerunPET_APP_FAQ,https://ihqz5dyhwa.feishu.cn/sheets/NiJWsOUg0hk3vEtAzSrcR98cnsd,Feishu spreadsheet,Japan Marketing,2026-07-08,2026-07-30,P3,internal_verification,
SRC-015,relay_switch_1,Feishu internal product marketing document,SwitchBot Relay Switch 产品营销文档 Global,https://ihqz5dyhwa.feishu.cn/docx/K2zKdOPd0ohgihxnXBJc7waanPd,Feishu internal product marketing document,Product Marketing,2025-04-17,2026-07-30,P3,internal_verification,
SRC-016,weather_station,Feishu spreadsheet,产品规格书 Weather Station,https://ihqz5dyhwa.feishu.cn/sheets/Rb2GsRufJhEgUwtrIHjcWZwonHe,Feishu spreadsheet,Product Team,2026-06-15,2026-07-30,P3,internal_verification,
SRC-017,daily_station,Feishu internal draft,Daily Station产品故事（输入中）,https://ihqz5dyhwa.feishu.cn/docx/PQMYdKIUVopp0NxEh1AcCMF7nAd,Feishu internal draft,Product Marketing,2026-03-05,2026-07-30,P3,internal_verification,
SRC-018,s10,Feishu internal product document,S10 产品介绍,https://ihqz5dyhwa.feishu.cn/docx/QtLOdHKENoD7unxMYBBc412Znxx,Feishu internal product document,Product Marketing,2024-05-29,2026-07-30,P3,internal_verification,
